logn, 297., 2671, 4
nlogn, 297., 3128, 1
logn, 297., 2671, 5
nlogn, 297., 3128, 2
logn, 297., 2671, 6
nlogn, 297., 3128, 3
logn, 297., 2671, 2
nlogn, 297., 3128, 3
logn, 297., 2671, 4
nlogn, 297., 3128, 4
logn, 297., 2671, 7
nlogn, 297., 3128, 5
logn, 297., 2671, 1
nlogn, 297., 3128, 4
logn, 297., 2671, 7
nlogn, 297., 3128, 5
logn, 297., 2671, 7
nlogn, 297., 3128, 2
logn, 297., 2671, 2
nlogn, 297., 3128, 5
logn, 297., 2671, 5
nlogn, 297., 3128, 6
logn, 297., 2671, 7
nlogn, 297., 3128, 6
logn, 297., 2671, 7
nlogn, 297., 3128, 7
logn, 297., 2671, 5
nlogn, 297., 3128, 8
logn, 297., 2671, 4
nlogn, 297., 3128, 4
logn, 297., 2671, 6
nlogn, 297., 3128, 3
logn, 297., 2671, 7
nlogn, 297., 3128, 6
logn, 297., 2671, 3
nlogn, 297., 3128, 7
logn, 297., 2671, 8
nlogn, 297., 3128, 7
logn, 297., 2671, 3
nlogn, 297., 3128, 9
logn, 297., 2671, 3
nlogn, 297., 3128, 5
logn, 297., 2671, 7
nlogn, 297., 3128, 6
logn, 297., 2671, 7
nlogn, 297., 3128, 5
logn, 297., 2671, 7
nlogn, 297., 3128, 3
logn, 297., 2671, 5
nlogn, 297., 3128, 7
logn, 297., 2671, 7
nlogn, 297., 3128, 4
logn, 297., 2671, 5
nlogn, 297., 3128, 8
logn, 297., 2671, 6
nlogn, 297., 3128, 10
logn, 297., 2671, 6
nlogn, 297., 3128, 5
logn, 297., 2671, 6
nlogn, 297., 3128, 8
logn, 297., 2671, 5
nlogn, 297., 3128, 9
logn, 297., 2671, 5
nlogn, 297., 3128, 11
logn, 297., 2671, 5
nlogn, 297., 3128, 12
logn, 297., 2671, 4
nlogn, 297., 3128, 10
logn, 297., 2671, 8
nlogn, 297., 3128, 11
logn, 297., 2671, 9
nlogn, 297., 3128, 6
logn, 297., 2671, 5
nlogn, 297., 3128, 11
logn, 297., 2671, 8
nlogn, 297., 3128, 10
logn, 297., 2671, 9
nlogn, 297., 3128, 8
logn, 297., 2671, 7
nlogn, 297., 3128, 7
logn, 297., 2671, 3
nlogn, 297., 3128, 12
logn, 297., 2671, 7
nlogn, 297., 3128, 6
logn, 297., 2671, 8
nlogn, 297., 3128, 6
logn, 297., 2671, 8
nlogn, 297., 3128, 5
logn, 297., 2671, 8
nlogn, 297., 3128, 9
logn, 297., 2671, 6
nlogn, 297., 3128, 6
logn, 297., 2671, 5
nlogn, 297., 3128, 8
logn, 297., 2671, 9
nlogn, 297., 3128, 8
logn, 297., 2671, 8
nlogn, 297., 3128, 5
logn, 297., 2671, 4
nlogn, 297., 3128, 13
logn, 297., 2671, 6
nlogn, 297., 3128, 4
logn, 297., 2671, 6
nlogn, 297., 3128, 9
logn, 297., 2671, 8
nlogn, 297., 3128, 13
logn, 297., 2671, 7
nlogn, 297., 3128, 14
logn, 297., 2671, 9
nlogn, 297., 3128, 6
logn, 297., 2671, 6
nlogn, 297., 3128, 8
logn, 297., 2671, 5
nlogn, 297., 3128, 7
logn, 297., 2671, 8
nlogn, 297., 3128, 7
logn, 297., 2671, 7
nlogn, 297., 3128, 11
logn, 297., 2671, 7
nlogn, 297., 3128, 7
logn, 297., 2671, 7
nlogn, 297., 3128, 15
logn, 297., 2671, 6
nlogn, 297., 3128, 12
logn, 297., 2671, 5
nlogn, 297., 3128, 7
logn, 297., 2671, 7
nlogn, 297., 3128, 12
logn, 297., 2671, 9
nlogn, 297., 3128, 13
logn, 297., 2671, 7
nlogn, 297., 3128, 8
logn, 297., 2671, 7
nlogn, 297., 3128, 9
logn, 297., 2671, 7
nlogn, 297., 3128, 7
logn, 297., 2671, 7
nlogn, 297., 3128, 13
logn, 297., 2671, 5
nlogn, 297., 3128, 9
logn, 297., 2671, 7
nlogn, 297., 3128, 9
logn, 297., 2671, 6
nlogn, 297., 3128, 16
logn, 297., 2671, 7
nlogn, 297., 3128, 8
logn, 297., 2671, 8
nlogn, 297., 3128, 8
logn, 297., 2671, 7
nlogn, 297., 3128, 9
logn, 297., 2671, 8
nlogn, 297., 3128, 8
logn, 297., 2671, 8
nlogn, 297., 3128, 12
logn, 297., 2671, 9
nlogn, 297., 3128, 7
logn, 297., 2671, 6
nlogn, 297., 3128, 8
logn, 297., 2671, 8
nlogn, 297., 3128, 9
logn, 297., 2671, 4
nlogn, 297., 3128, 10
logn, 297., 2671, 6
nlogn, 297., 3128, 10
logn, 297., 2671, 8
nlogn, 297., 3128, 14
logn, 297., 2671, 8
nlogn, 297., 3128, 13
logn, 297., 2671, 8
nlogn, 297., 3128, 9
logn, 297., 2671, 8
nlogn, 297., 3128, 7
logn, 297., 2671, 7
nlogn, 297., 3128, 10
logn, 297., 2671, 8
nlogn, 297., 3128, 9
logn, 297., 2671, 8
nlogn, 297., 3128, 11
logn, 297., 2671, 7
nlogn, 297., 3128, 10
logn, 297., 2671, 8
nlogn, 297., 3128, 10
logn, 297., 2671, 7
nlogn, 297., 3128, 9
logn, 297., 2671, 4
nlogn, 297., 3128, 11
logn, 297., 2671, 4
nlogn, 297., 3128, 10
logn, 297., 2671, 7
nlogn, 297., 3128, 9
logn, 297., 2671, 5
nlogn, 297., 3128, 8
logn, 297., 2671, 8
nlogn, 297., 3128, 11
logn, 297., 2671, 8
nlogn, 297., 3128, 11
logn, 297., 2671, 8
nlogn, 297., 3128, 9
logn, 297., 2671, 8
nlogn, 297., 3128, 10
logn, 297., 2671, 8
nlogn, 297., 3128, 9
logn, 297., 2671, 7
nlogn, 297., 3128, 10
logn, 297., 2671, 8
nlogn, 297., 3128, 11
logn, 297., 2671, 7
nlogn, 297., 3128, 12
logn, 297., 2671, 8
nlogn, 297., 3128, 8
logn, 297., 2671, 7
nlogn, 297., 3128, 9
logn, 297., 2671, 7
nlogn, 297., 3128, 14
logn, 297., 2671, 6
nlogn, 297., 3128, 8
logn, 297., 2671, 9
nlogn, 297., 3128, 10
logn, 297., 2671, 10
nlogn, 297., 3128, 13
logn, 297., 2671, 9
nlogn, 297., 3128, 11
logn, 297., 2671, 9
nlogn, 297., 3128, 12
logn, 297., 2671, 5
nlogn, 297., 3128, 13
logn, 297., 2671, 8
nlogn, 297., 3128, 3
logn, 297., 2671, 8
nlogn, 297., 3128, 10
logn, 297., 2671, 9
nlogn, 297., 3128, 10
logn, 297., 2671, 6
nlogn, 297., 3128, 14
logn, 297., 2671, 8
nlogn, 297., 3128, 15
logn, 297., 2671, 8
nlogn, 297., 3128, 7
logn, 297., 2671, 7
nlogn, 297., 3128, 9
logn, 297., 2671, 6
nlogn, 297., 3128, 10
logn, 297., 2671, 5
nlogn, 297., 3128, 12
logn, 297., 2671, 8
nlogn, 297., 3128, 13
logn, 297., 2671, 6
nlogn, 297., 3128, 10
logn, 297., 2671, 8
nlogn, 297., 3128, 12
logn, 297., 2671, 7
nlogn, 297., 3128, 5
logn, 297., 2671, 8
nlogn, 297., 3128, 11
logn, 297., 2671, 8
nlogn, 297., 3128, 9
logn, 297., 2671, 7
nlogn, 297., 3128, 12
logn, 297., 2671, 6
nlogn, 297., 3128, 14
logn, 297., 2671, 7
nlogn, 297., 3128, 15
logn, 297., 2671, 8
nlogn, 297., 3128, 9
logn, 297., 2671, 7
nlogn, 297., 3128, 11
logn, 297., 2671, 6
nlogn, 297., 3128, 10
logn, 297., 2671, 9
nlogn, 297., 3128, 11
logn, 297., 2671, 8
nlogn, 297., 3128, 10
logn, 297., 2671, 6
nlogn, 297., 3128, 14
logn, 297., 2671, 7
nlogn, 297., 3128, 10
logn, 297., 2671, 6
nlogn, 297., 3128, 11
logn, 297., 2671, 8
nlogn, 297., 3128, 12
logn, 297., 2671, 8
nlogn, 297., 3128, 6
logn, 297., 2671, 8
nlogn, 297., 3128, 14
logn, 297., 2671, 7
nlogn, 297., 3128, 9
logn, 297., 2671, 9
nlogn, 297., 3128, 15
logn, 297., 2671, 6
nlogn, 297., 3128, 12
logn, 297., 2671, 7
nlogn, 297., 3128, 15
logn, 297., 2671, 9
nlogn, 297., 3128, 12
logn, 297., 2671, 6
nlogn, 297., 3128, 8
logn, 297., 2671, 6
nlogn, 297., 3128, 11
logn, 297., 2671, 6
nlogn, 297., 3128, 10
logn, 297., 2671, 7
nlogn, 297., 3128, 11
logn, 297., 2671, 6
nlogn, 297., 3128, 8
logn, 297., 2671, 6
nlogn, 297., 3128, 11
logn, 297., 2671, 9
nlogn, 297., 3128, 9
logn, 297., 2671, 6
nlogn, 297., 3128, 14
logn, 297., 2671, 7
nlogn, 297., 3128, 15
logn, 297., 2671, 7
nlogn, 297., 3128, 13
logn, 297., 2671, 9
nlogn, 297., 3128, 12
logn, 297., 2671, 6
nlogn, 297., 3128, 8
logn, 297., 2671, 8
nlogn, 297., 3128, 12
logn, 297., 2671, 8
nlogn, 297., 3128, 9
logn, 297., 2671, 9
nlogn, 297., 3128, 10
logn, 297., 2671, 9
nlogn, 297., 3128, 16
logn, 297., 2671, 7
nlogn, 297., 3128, 12
logn, 297., 2671, 9
nlogn, 297., 3128, 16
logn, 297., 2671, 8
nlogn, 297., 3128, 17
logn, 297., 2671, 7
nlogn, 297., 3128, 11
logn, 297., 2671, 9
nlogn, 297., 3128, 11
logn, 297., 2671, 9
nlogn, 297., 3128, 11
logn, 297., 2671, 10
nlogn, 297., 3128, 8
logn, 297., 2671, 4
nlogn, 297., 3128, 1
logn, 297., 2671, 8
nlogn, 297., 3128, 13
logn, 297., 2671, 8
nlogn, 297., 3128, 15
logn, 297., 2671, 8
nlogn, 297., 3128, 5
logn, 297., 2671, 9
nlogn, 297., 3128, 10
logn, 297., 2671, 7
nlogn, 297., 3128, 13
logn, 297., 2671, 6
nlogn, 297., 3128, 10
logn, 297., 2671, 7
nlogn, 297., 3128, 13
logn, 297., 2671, 7
nlogn, 297., 3128, 10
logn, 297., 2671, 9
nlogn, 297., 3128, 10
logn, 297., 2671, 8
nlogn, 297., 3128, 12
logn, 297., 2671, 6
nlogn, 297., 3128, 9
logn, 297., 2671, 9
nlogn, 297., 3128, 11
logn, 297., 2671, 9
nlogn, 297., 3128, 10
logn, 297., 2671, 8
nlogn, 297., 3128, 10
logn, 297., 2671, 2
nlogn, 297., 3128, 5
logn, 297., 2671, 6
nlogn, 297., 3128, 13
logn, 297., 2671, 7
nlogn, 297., 3128, 17
logn, 297., 2671, 8
nlogn, 297., 3128, 8
logn, 297., 2671, 7
nlogn, 297., 3128, 15
logn, 297., 2671, 8
nlogn, 297., 3128, 12
logn, 297., 2671, 9
nlogn, 297., 3128, 11
logn, 297., 2671, 9
nlogn, 297., 3128, 13
logn, 297., 2671, 6
nlogn, 297., 3128, 14
logn, 297., 2671, 8
nlogn, 297., 3128, 14
logn, 297., 2671, 9
nlogn, 297., 3128, 11
logn, 297., 2671, 7
nlogn, 297., 3128, 13
logn, 297., 2671, 8
nlogn, 297., 3128, 8
logn, 297., 2671, 8
nlogn, 297., 3128, 12
logn, 297., 2671, 9
nlogn, 297., 3128, 9
logn, 297., 2671, 7
nlogn, 297., 3128, 11
logn, 297., 2671, 6
nlogn, 297., 3128, 11
logn, 297., 2671, 7
nlogn, 297., 3128, 13
logn, 297., 2671, 9
nlogn, 297., 3128, 13
logn, 297., 2671, 8
nlogn, 297., 3128, 7
logn, 297., 2671, 8
nlogn, 297., 3128, 14
logn, 297., 2671, 7
nlogn, 297., 3128, 16
logn, 297., 2671, 9
nlogn, 297., 3128, 10
logn, 297., 2671, 8
nlogn, 297., 3128, 6
logn, 297., 2671, 8
nlogn, 297., 3128, 16
logn, 297., 2671, 8
nlogn, 297., 3128, 10
logn, 297., 2671, 8
nlogn, 297., 3128, 14
logn, 297., 2671, 8
nlogn, 297., 3128, 7
logn, 297., 2671, 7
nlogn, 297., 3128, 8
logn, 297., 2671, 9
nlogn, 297., 3128, 11
logn, 297., 2671, 8
nlogn, 297., 3128, 14
logn, 297., 2671, 7
nlogn, 297., 3128, 11
logn, 297., 2671, 8
nlogn, 297., 3128, 17
logn, 297., 2671, 9
nlogn, 297., 3128, 8
logn, 297., 2671, 6
nlogn, 297., 3128, 14
logn, 297., 2671, 7
nlogn, 297., 3128, 15
logn, 297., 2671, 9
nlogn, 297., 3128, 8
logn, 297., 2671, 7
nlogn, 297., 3128, 9
logn, 297., 2671, 7
nlogn, 297., 3128, 5
logn, 297., 2671, 9
nlogn, 297., 3128, 17
logn, 297., 2671, 8
nlogn, 297., 3128, 5
logn, 297., 2671, 9
nlogn, 297., 3128, 11
logn, 297., 2671, 8
nlogn, 297., 3128, 15
logn, 297., 2671, 9
nlogn, 297., 3128, 11
logn, 297., 2671, 8
nlogn, 297., 3128, 14
logn, 297., 2671, 9
nlogn, 297., 3128, 13
logn, 297., 2671, 9
nlogn, 297., 3128, 15
logn, 297., 2671, 7
nlogn, 297., 3128, 15
logn, 297., 2671, 8
nlogn, 297., 3128, 11
logn, 297., 2671, 9
nlogn, 297., 3128, 13
logn, 297., 2671, 8
nlogn, 297., 3128, 18
logn, 297., 2671, 9
nlogn, 297., 3128, 14
logn, 297., 2671, 8
nlogn, 297., 3128, 10
logn, 297., 2671, 8
nlogn, 297., 3128, 12
logn, 297., 2671, 8
nlogn, 297., 3128, 11
logn, 297., 2671, 7
nlogn, 297., 3128, 10
logn, 297., 2671, 10
nlogn, 297., 3128, 14
logn, 297., 2671, 9
nlogn, 297., 3128, 6
logn, 297., 2671, 8
nlogn, 297., 3128, 13
logn, 297., 2671, 7
nlogn, 297., 3128, 12
logn, 297., 2671, 9
nlogn, 297., 3128, 15
logn, 297., 2671, 9
nlogn, 297., 3128, 4
logn, 297., 2671, 6
nlogn, 297., 3128, 14
logn, 297., 2671, 8
nlogn, 297., 3128, 11
logn, 297., 2671, 9
nlogn, 297., 3128, 11
logn, 297., 2671, 9
nlogn, 297., 3128, 12
logn, 297., 2671, 9
nlogn, 297., 3128, 12
logn, 297., 2671, 9
nlogn, 297., 3128, 13
logn, 297., 2671, 9
nlogn, 297., 3128, 10
logn, 297., 2671, 9
nlogn, 297., 3128, 9
logn, 297., 2671, 9
nlogn, 297., 3128, 18
logn, 297., 2671, 9
nlogn, 297., 3128, 12
logn, 297., 2671, 8
nlogn, 297., 3128, 11
logn, 297., 2671, 6
nlogn, 297., 3128, 12
logn, 297., 2671, 9
nlogn, 297., 3128, 10
logn, 297., 2671, 8
nlogn, 297., 3128, 15
logn, 297., 2671, 7
nlogn, 297., 3128, 13
logn, 297., 2671, 8
nlogn, 297., 3128, 11
logn, 297., 2671, 6
nlogn, 297., 3128, 14
logn, 297., 2671, 9
nlogn, 297., 3128, 13
logn, 297., 2671, 8
nlogn, 297., 3128, 13
logn, 297., 2671, 9
nlogn, 297., 3128, 6
logn, 297., 2671, 7
nlogn, 297., 3128, 15
logn, 297., 2671, 9
nlogn, 297., 3128, 17
logn, 297., 2671, 9
nlogn, 297., 3128, 11
logn, 297., 2671, 10
nlogn, 297., 3128, 14
logn, 297., 2671, 7
nlogn, 297., 3128, 14
logn, 297., 2671, 8
nlogn, 297., 3128, 12
logn, 297., 2671, 7
nlogn, 297., 3128, 15
logn, 297., 2671, 9
nlogn, 297., 3128, 13
logn, 297., 2671, 9
nlogn, 297., 3128, 9
logn, 297., 2671, 10
nlogn, 297., 3128, 18
logn, 297., 2671, 8
nlogn, 297., 3128, 10
logn, 297., 2671, 8
nlogn, 297., 3128, 11
logn, 297., 2671, 8
nlogn, 297., 3128, 12
logn, 297., 2671, 9
nlogn, 297., 3128, 12
logn, 297., 2671, 7
nlogn, 297., 3128, 14
logn, 297., 2671, 9
nlogn, 297., 3128, 12
logn, 297., 2671, 9
nlogn, 297., 3128, 6
logn, 297., 2671, 10
nlogn, 297., 3128, 9
logn, 297., 2671, 9
nlogn, 297., 3128, 10
logn, 297., 2671, 8
nlogn, 297., 3128, 12
logn, 297., 2671, 9
nlogn, 297., 3128, 12
logn, 297., 2671, 9
nlogn, 297., 3128, 15
logn, 297., 2671, 9
nlogn, 297., 3128, 16
logn, 297., 2671, 10
nlogn, 297., 3128, 10
logn, 297., 2671, 9
nlogn, 297., 3128, 15
logn, 297., 2671, 5
nlogn, 297., 3128, 8
logn, 297., 2671, 8
nlogn, 297., 3128, 14
logn, 297., 2671, 9
nlogn, 297., 3128, 13
logn, 297., 2671, 9
nlogn, 297., 3128, 19
logn, 297., 2671, 8
nlogn, 297., 3128, 5

