logn, sults594, 5927, 2
nlogn, sults594, 6180, 1
logn, sults594, 5927, 7
nlogn, sults594, 6180, 2
logn, sults594, 5927, 1
nlogn, sults594, 6180, 3
logn, sults594, 5927, 5
nlogn, sults594, 6180, 4
logn, sults594, 5927, 6
nlogn, sults594, 6180, 5
logn, sults594, 5927, 5
nlogn, sults594, 6180, 2
logn, sults594, 5927, 7
nlogn, sults594, 6180, 6
logn, sults594, 5927, 9
nlogn, sults594, 6180, 6
logn, sults594, 5927, 5
nlogn, sults594, 6180, 3
logn, sults594, 5927, 4
nlogn, sults594, 6180, 4
logn, sults594, 5927, 5
nlogn, sults594, 6180, 5
logn, sults594, 5927, 3
nlogn, sults594, 6180, 3
logn, sults594, 5927, 7
nlogn, sults594, 6180, 5
logn, sults594, 5927, 5
nlogn, sults594, 6180, 6
logn, sults594, 5927, 3
nlogn, sults594, 6180, 5
logn, sults594, 5927, 9
nlogn, sults594, 6180, 4
logn, sults594, 5927, 6
nlogn, sults594, 6180, 4
logn, sults594, 5927, 8
nlogn, sults594, 6180, 7
logn, sults594, 5927, 4
nlogn, sults594, 6180, 7
logn, sults594, 5927, 9
nlogn, sults594, 6180, 6
logn, sults594, 5927, 7
nlogn, sults594, 6180, 5
logn, sults594, 5927, 6
nlogn, sults594, 6180, 8
logn, sults594, 5927, 6
nlogn, sults594, 6180, 6
logn, sults594, 5927, 4
nlogn, sults594, 6180, 5
logn, sults594, 5927, 4
nlogn, sults594, 6180, 6
logn, sults594, 5927, 8
nlogn, sults594, 6180, 4
logn, sults594, 5927, 7
nlogn, sults594, 6180, 3
logn, sults594, 5927, 3
nlogn, sults594, 6180, 7
logn, sults594, 5927, 9
nlogn, sults594, 6180, 8
logn, sults594, 5927, 6
nlogn, sults594, 6180, 8
logn, sults594, 5927, 10
nlogn, sults594, 6180, 6
logn, sults594, 5927, 9
nlogn, sults594, 6180, 4
logn, sults594, 5927, 6
nlogn, sults594, 6180, 6
logn, sults594, 5927, 9
nlogn, sults594, 6180, 6
logn, sults594, 5927, 5
nlogn, sults594, 6180, 7
logn, sults594, 5927, 2
nlogn, sults594, 6180, 6
logn, sults594, 5927, 3
nlogn, sults594, 6180, 7
logn, sults594, 5927, 8
nlogn, sults594, 6180, 8
logn, sults594, 5927, 6
nlogn, sults594, 6180, 8
logn, sults594, 5927, 9
nlogn, sults594, 6180, 6
logn, sults594, 5927, 8
nlogn, sults594, 6180, 5
logn, sults594, 5927, 4
nlogn, sults594, 6180, 5
logn, sults594, 5927, 6
nlogn, sults594, 6180, 9
logn, sults594, 5927, 7
nlogn, sults594, 6180, 8
logn, sults594, 5927, 5
nlogn, sults594, 6180, 7
logn, sults594, 5927, 7
nlogn, sults594, 6180, 7
logn, sults594, 5927, 6
nlogn, sults594, 6180, 9
logn, sults594, 5927, 8
nlogn, sults594, 6180, 8
logn, sults594, 5927, 9
nlogn, sults594, 6180, 8
logn, sults594, 5927, 7
nlogn, sults594, 6180, 7
logn, sults594, 5927, 7
nlogn, sults594, 6180, 5
logn, sults594, 5927, 7
nlogn, sults594, 6180, 9
logn, sults594, 5927, 8
nlogn, sults594, 6180, 9
logn, sults594, 5927, 8
nlogn, sults594, 6180, 7
logn, sults594, 5927, 7
nlogn, sults594, 6180, 9
logn, sults594, 5927, 4
nlogn, sults594, 6180, 10
logn, sults594, 5927, 8
nlogn, sults594, 6180, 5
logn, sults594, 5927, 6
nlogn, sults594, 6180, 9
logn, sults594, 5927, 7
nlogn, sults594, 6180, 9
logn, sults594, 5927, 8
nlogn, sults594, 6180, 5
logn, sults594, 5927, 10
nlogn, sults594, 6180, 10
logn, sults594, 5927, 8
nlogn, sults594, 6180, 6
logn, sults594, 5927, 5
nlogn, sults594, 6180, 6
logn, sults594, 5927, 8
nlogn, sults594, 6180, 7
logn, sults594, 5927, 4
nlogn, sults594, 6180, 7
logn, sults594, 5927, 3
nlogn, sults594, 6180, 7
logn, sults594, 5927, 8
nlogn, sults594, 6180, 6
logn, sults594, 5927, 6
nlogn, sults594, 6180, 7
logn, sults594, 5927, 8
nlogn, sults594, 6180, 9
logn, sults594, 5927, 7
nlogn, sults594, 6180, 7
logn, sults594, 5927, 8
nlogn, sults594, 6180, 7
logn, sults594, 5927, 8
nlogn, sults594, 6180, 10
logn, sults594, 5927, 9
nlogn, sults594, 6180, 7
logn, sults594, 5927, 7
nlogn, sults594, 6180, 9
logn, sults594, 5927, 9
nlogn, sults594, 6180, 7
logn, sults594, 5927, 9
nlogn, sults594, 6180, 10
logn, sults594, 5927, 9
nlogn, sults594, 6180, 10
logn, sults594, 5927, 8
nlogn, sults594, 6180, 8
logn, sults594, 5927, 8
nlogn, sults594, 6180, 6
logn, sults594, 5927, 4
nlogn, sults594, 6180, 11
logn, sults594, 5927, 6
nlogn, sults594, 6180, 9
logn, sults594, 5927, 8
nlogn, sults594, 6180, 6
logn, sults594, 5927, 8
nlogn, sults594, 6180, 8
logn, sults594, 5927, 7
nlogn, sults594, 6180, 9
logn, sults594, 5927, 8
nlogn, sults594, 6180, 10
logn, sults594, 5927, 6
nlogn, sults594, 6180, 10
logn, sults594, 5927, 7
nlogn, sults594, 6180, 8
logn, sults594, 5927, 7
nlogn, sults594, 6180, 12
logn, sults594, 5927, 8
nlogn, sults594, 6180, 7
logn, sults594, 5927, 6
nlogn, sults594, 6180, 10
logn, sults594, 5927, 8
nlogn, sults594, 6180, 11
logn, sults594, 5927, 10
nlogn, sults594, 6180, 10
logn, sults594, 5927, 10
nlogn, sults594, 6180, 8
logn, sults594, 5927, 9
nlogn, sults594, 6180, 7
logn, sults594, 5927, 10
nlogn, sults594, 6180, 8
logn, sults594, 5927, 8
nlogn, sults594, 6180, 9
logn, sults594, 5927, 8
nlogn, sults594, 6180, 10
logn, sults594, 5927, 9
nlogn, sults594, 6180, 10
logn, sults594, 5927, 8
nlogn, sults594, 6180, 10
logn, sults594, 5927, 7
nlogn, sults594, 6180, 9
logn, sults594, 5927, 9
nlogn, sults594, 6180, 10
logn, sults594, 5927, 9
nlogn, sults594, 6180, 6
logn, sults594, 5927, 9
nlogn, sults594, 6180, 10
logn, sults594, 5927, 9
nlogn, sults594, 6180, 8
logn, sults594, 5927, 6
nlogn, sults594, 6180, 6
logn, sults594, 5927, 8
nlogn, sults594, 6180, 7
logn, sults594, 5927, 9
nlogn, sults594, 6180, 11
logn, sults594, 5927, 9
nlogn, sults594, 6180, 11
logn, sults594, 5927, 7
nlogn, sults594, 6180, 10
logn, sults594, 5927, 10
nlogn, sults594, 6180, 12
logn, sults594, 5927, 7
nlogn, sults594, 6180, 7
logn, sults594, 5927, 9
nlogn, sults594, 6180, 11
logn, sults594, 5927, 7
nlogn, sults594, 6180, 7
logn, sults594, 5927, 6
nlogn, sults594, 6180, 9
logn, sults594, 5927, 7
nlogn, sults594, 6180, 8
logn, sults594, 5927, 9
nlogn, sults594, 6180, 9
logn, sults594, 5927, 8
nlogn, sults594, 6180, 8
logn, sults594, 5927, 5
nlogn, sults594, 6180, 11
logn, sults594, 5927, 10
nlogn, sults594, 6180, 9
logn, sults594, 5927, 7
nlogn, sults594, 6180, 4
logn, sults594, 5927, 10
nlogn, sults594, 6180, 8
logn, sults594, 5927, 7
nlogn, sults594, 6180, 9
logn, sults594, 5927, 10
nlogn, sults594, 6180, 10
logn, sults594, 5927, 9
nlogn, sults594, 6180, 9
logn, sults594, 5927, 10
nlogn, sults594, 6180, 8
logn, sults594, 5927, 9
nlogn, sults594, 6180, 11
logn, sults594, 5927, 8
nlogn, sults594, 6180, 11
logn, sults594, 5927, 6
nlogn, sults594, 6180, 10
logn, sults594, 5927, 6
nlogn, sults594, 6180, 9
logn, sults594, 5927, 7
nlogn, sults594, 6180, 7
logn, sults594, 5927, 6
nlogn, sults594, 6180, 12
logn, sults594, 5927, 8
nlogn, sults594, 6180, 8
logn, sults594, 5927, 9
nlogn, sults594, 6180, 8
logn, sults594, 5927, 6
nlogn, sults594, 6180, 6
logn, sults594, 5927, 10
nlogn, sults594, 6180, 10
logn, sults594, 5927, 6
nlogn, sults594, 6180, 6
logn, sults594, 5927, 7
nlogn, sults594, 6180, 7
logn, sults594, 5927, 5
nlogn, sults594, 6180, 10
logn, sults594, 5927, 5
nlogn, sults594, 6180, 8
logn, sults594, 5927, 9
nlogn, sults594, 6180, 6
logn, sults594, 5927, 8
nlogn, sults594, 6180, 5
logn, sults594, 5927, 7
nlogn, sults594, 6180, 10
logn, sults594, 5927, 5
nlogn, sults594, 6180, 8
logn, sults594, 5927, 9
nlogn, sults594, 6180, 9
logn, sults594, 5927, 8
nlogn, sults594, 6180, 13
logn, sults594, 5927, 9
nlogn, sults594, 6180, 8
logn, sults594, 5927, 5
nlogn, sults594, 6180, 7
logn, sults594, 5927, 7
nlogn, sults594, 6180, 7
logn, sults594, 5927, 9
nlogn, sults594, 6180, 11
logn, sults594, 5927, 10
nlogn, sults594, 6180, 9
logn, sults594, 5927, 8
nlogn, sults594, 6180, 9
logn, sults594, 5927, 9
nlogn, sults594, 6180, 9
logn, sults594, 5927, 8
nlogn, sults594, 6180, 11
logn, sults594, 5927, 8
nlogn, sults594, 6180, 8
logn, sults594, 5927, 9
nlogn, sults594, 6180, 8
logn, sults594, 5927, 6
nlogn, sults594, 6180, 11
logn, sults594, 5927, 6
nlogn, sults594, 6180, 8
logn, sults594, 5927, 10
nlogn, sults594, 6180, 9
logn, sults594, 5927, 9
nlogn, sults594, 6180, 11
logn, sults594, 5927, 7
nlogn, sults594, 6180, 9
logn, sults594, 5927, 9
nlogn, sults594, 6180, 11
logn, sults594, 5927, 8
nlogn, sults594, 6180, 12
logn, sults594, 5927, 8
nlogn, sults594, 6180, 12
logn, sults594, 5927, 6
nlogn, sults594, 6180, 7
logn, sults594, 5927, 8
nlogn, sults594, 6180, 11
logn, sults594, 5927, 8
nlogn, sults594, 6180, 8
logn, sults594, 5927, 9
nlogn, sults594, 6180, 7
logn, sults594, 5927, 8
nlogn, sults594, 6180, 12
logn, sults594, 5927, 9
nlogn, sults594, 6180, 12
logn, sults594, 5927, 6
nlogn, sults594, 6180, 12
logn, sults594, 5927, 10
nlogn, sults594, 6180, 9
logn, sults594, 5927, 9
nlogn, sults594, 6180, 9
logn, sults594, 5927, 9
nlogn, sults594, 6180, 10
logn, sults594, 5927, 5
nlogn, sults594, 6180, 7
logn, sults594, 5927, 8
nlogn, sults594, 6180, 13
logn, sults594, 5927, 7
nlogn, sults594, 6180, 10
logn, sults594, 5927, 9
nlogn, sults594, 6180, 12
logn, sults594, 5927, 9
nlogn, sults594, 6180, 10
logn, sults594, 5927, 10
nlogn, sults594, 6180, 11
logn, sults594, 5927, 7
nlogn, sults594, 6180, 14
logn, sults594, 5927, 9
nlogn, sults594, 6180, 13
logn, sults594, 5927, 10
nlogn, sults594, 6180, 14
logn, sults594, 5927, 10
nlogn, sults594, 6180, 10
logn, sults594, 5927, 8
nlogn, sults594, 6180, 13
logn, sults594, 5927, 8
nlogn, sults594, 6180, 8
logn, sults594, 5927, 10
nlogn, sults594, 6180, 10
logn, sults594, 5927, 9
nlogn, sults594, 6180, 9
logn, sults594, 5927, 8
nlogn, sults594, 6180, 7
logn, sults594, 5927, 8
nlogn, sults594, 6180, 5
logn, sults594, 5927, 8
nlogn, sults594, 6180, 15
logn, sults594, 5927, 9
nlogn, sults594, 6180, 11
logn, sults594, 5927, 5
nlogn, sults594, 6180, 8
logn, sults594, 5927, 8
nlogn, sults594, 6180, 11
logn, sults594, 5927, 9
nlogn, sults594, 6180, 11
logn, sults594, 5927, 6
nlogn, sults594, 6180, 10
logn, sults594, 5927, 7
nlogn, sults594, 6180, 8
logn, sults594, 5927, 7
nlogn, sults594, 6180, 11
logn, sults594, 5927, 8
nlogn, sults594, 6180, 10
logn, sults594, 5927, 9
nlogn, sults594, 6180, 9
logn, sults594, 5927, 9
nlogn, sults594, 6180, 8
logn, sults594, 5927, 7
nlogn, sults594, 6180, 9
logn, sults594, 5927, 9
nlogn, sults594, 6180, 8
logn, sults594, 5927, 10
nlogn, sults594, 6180, 12
logn, sults594, 5927, 8
nlogn, sults594, 6180, 7
logn, sults594, 5927, 6
nlogn, sults594, 6180, 9
logn, sults594, 5927, 8
nlogn, sults594, 6180, 7
logn, sults594, 5927, 10
nlogn, sults594, 6180, 10
logn, sults594, 5927, 8
nlogn, sults594, 6180, 13
logn, sults594, 5927, 8
nlogn, sults594, 6180, 10
logn, sults594, 5927, 8
nlogn, sults594, 6180, 13
logn, sults594, 5927, 8
nlogn, sults594, 6180, 9
logn, sults594, 5927, 8
nlogn, sults594, 6180, 9
logn, sults594, 5927, 8
nlogn, sults594, 6180, 11
logn, sults594, 5927, 8
nlogn, sults594, 6180, 9
logn, sults594, 5927, 9
nlogn, sults594, 6180, 10
logn, sults594, 5927, 10
nlogn, sults594, 6180, 10
logn, sults594, 5927, 7
nlogn, sults594, 6180, 10
logn, sults594, 5927, 9
nlogn, sults594, 6180, 10
logn, sults594, 5927, 9
nlogn, sults594, 6180, 4
logn, sults594, 5927, 10
nlogn, sults594, 6180, 11
logn, sults594, 5927, 6
nlogn, sults594, 6180, 7
logn, sults594, 5927, 7
nlogn, sults594, 6180, 15
logn, sults594, 5927, 5
nlogn, sults594, 6180, 11
logn, sults594, 5927, 7
nlogn, sults594, 6180, 12
logn, sults594, 5927, 9
nlogn, sults594, 6180, 9
logn, sults594, 5927, 8
nlogn, sults594, 6180, 8
logn, sults594, 5927, 8
nlogn, sults594, 6180, 10
logn, sults594, 5927, 7
nlogn, sults594, 6180, 6
logn, sults594, 5927, 9
nlogn, sults594, 6180, 12
logn, sults594, 5927, 6
nlogn, sults594, 6180, 9
logn, sults594, 5927, 7
nlogn, sults594, 6180, 12
logn, sults594, 5927, 8
nlogn, sults594, 6180, 10
logn, sults594, 5927, 7
nlogn, sults594, 6180, 11
logn, sults594, 5927, 9
nlogn, sults594, 6180, 12
logn, sults594, 5927, 9
nlogn, sults594, 6180, 11
logn, sults594, 5927, 7
nlogn, sults594, 6180, 13
logn, sults594, 5927, 8
nlogn, sults594, 6180, 10
logn, sults594, 5927, 8
nlogn, sults594, 6180, 7
logn, sults594, 5927, 9
nlogn, sults594, 6180, 10
logn, sults594, 5927, 8
nlogn, sults594, 6180, 10
logn, sults594, 5927, 8
nlogn, sults594, 6180, 12
logn, sults594, 5927, 11
nlogn, sults594, 6180, 11
logn, sults594, 5927, 4
nlogn, sults594, 6180, 5
logn, sults594, 5927, 9
nlogn, sults594, 6180, 10
logn, sults594, 5927, 7
nlogn, sults594, 6180, 8
logn, sults594, 5927, 9
nlogn, sults594, 6180, 16
logn, sults594, 5927, 6
nlogn, sults594, 6180, 10
logn, sults594, 5927, 10
nlogn, sults594, 6180, 6
logn, sults594, 5927, 9
nlogn, sults594, 6180, 10
logn, sults594, 5927, 9
nlogn, sults594, 6180, 11
logn, sults594, 5927, 8
nlogn, sults594, 6180, 9
logn, sults594, 5927, 9
nlogn, sults594, 6180, 16
logn, sults594, 5927, 7
nlogn, sults594, 6180, 13
logn, sults594, 5927, 9
nlogn, sults594, 6180, 14
logn, sults594, 5927, 9
nlogn, sults594, 6180, 6
logn, sults594, 5927, 9
nlogn, sults594, 6180, 10
logn, sults594, 5927, 8
nlogn, sults594, 6180, 7
logn, sults594, 5927, 9
nlogn, sults594, 6180, 12
logn, sults594, 5927, 8
nlogn, sults594, 6180, 11
logn, sults594, 5927, 8
nlogn, sults594, 6180, 12
logn, sults594, 5927, 9
nlogn, sults594, 6180, 12
logn, sults594, 5927, 7
nlogn, sults594, 6180, 9
logn, sults594, 5927, 7
nlogn, sults594, 6180, 13
logn, sults594, 5927, 7
nlogn, sults594, 6180, 9
logn, sults594, 5927, 10
nlogn, sults594, 6180, 9
logn, sults594, 5927, 8
nlogn, sults594, 6180, 12
logn, sults594, 5927, 10
nlogn, sults594, 6180, 9
logn, sults594, 5927, 6
nlogn, sults594, 6180, 14
logn, sults594, 5927, 9
nlogn, sults594, 6180, 15
logn, sults594, 5927, 8
nlogn, sults594, 6180, 13
logn, sults594, 5927, 9
nlogn, sults594, 6180, 11
logn, sults594, 5927, 6
nlogn, sults594, 6180, 11
logn, sults594, 5927, 5
nlogn, sults594, 6180, 6
logn, sults594, 5927, 9
nlogn, sults594, 6180, 11
logn, sults594, 5927, 8
nlogn, sults594, 6180, 14
logn, sults594, 5927, 7
nlogn, sults594, 6180, 11
logn, sults594, 5927, 5
nlogn, sults594, 6180, 15
logn, sults594, 5927, 7
nlogn, sults594, 6180, 10
logn, sults594, 5927, 10
nlogn, sults594, 6180, 13
logn, sults594, 5927, 9
nlogn, sults594, 6180, 11
logn, sults594, 5927, 9
nlogn, sults594, 6180, 13
logn, sults594, 5927, 7
nlogn, sults594, 6180, 16
logn, sults594, 5927, 7
nlogn, sults594, 6180, 8
logn, sults594, 5927, 8
nlogn, sults594, 6180, 8
logn, sults594, 5927, 9
nlogn, sults594, 6180, 11
logn, sults594, 5927, 8
nlogn, sults594, 6180, 9
logn, sults594, 5927, 6
nlogn, sults594, 6180, 10
logn, sults594, 5927, 8
nlogn, sults594, 6180, 13
logn, sults594, 5927, 8
nlogn, sults594, 6180, 12
logn, sults594, 5927, 9
nlogn, sults594, 6180, 9
logn, sults594, 5927, 8
nlogn, sults594, 6180, 16
logn, sults594, 5927, 9
nlogn, sults594, 6180, 16
logn, sults594, 5927, 9
nlogn, sults594, 6180, 12
logn, sults594, 5927, 7
nlogn, sults594, 6180, 10
logn, sults594, 5927, 10
nlogn, sults594, 6180, 12
logn, sults594, 5927, 9
nlogn, sults594, 6180, 9
logn, sults594, 5927, 9
nlogn, sults594, 6180, 14
logn, sults594, 5927, 6
nlogn, sults594, 6180, 8
logn, sults594, 5927, 8
nlogn, sults594, 6180, 17
logn, sults594, 5927, 8
nlogn, sults594, 6180, 13
logn, sults594, 5927, 9
nlogn, sults594, 6180, 9
logn, sults594, 5927, 8
nlogn, sults594, 6180, 11
logn, sults594, 5927, 7
nlogn, sults594, 6180, 15
logn, sults594, 5927, 8
nlogn, sults594, 6180, 17
logn, sults594, 5927, 8
nlogn, sults594, 6180, 10
logn, sults594, 5927, 8
nlogn, sults594, 6180, 12
logn, sults594, 5927, 9
nlogn, sults594, 6180, 11
logn, sults594, 5927, 7
nlogn, sults594, 6180, 13
logn, sults594, 5927, 8
nlogn, sults594, 6180, 11
logn, sults594, 5927, 9
nlogn, sults594, 6180, 12
logn, sults594, 5927, 8
nlogn, sults594, 6180, 10
logn, sults594, 5927, 10
nlogn, sults594, 6180, 11
logn, sults594, 5927, 10
nlogn, sults594, 6180, 12
logn, sults594, 5927, 9
nlogn, sults594, 6180, 18
logn, sults594, 5927, 8
nlogn, sults594, 6180, 9
logn, sults594, 5927, 7
nlogn, sults594, 6180, 8
logn, sults594, 5927, 9
nlogn, sults594, 6180, 12
logn, sults594, 5927, 9
nlogn, sults594, 6180, 16
logn, sults594, 5927, 10
nlogn, sults594, 6180, 14
logn, sults594, 5927, 8
nlogn, sults594, 6180, 11
logn, sults594, 5927, 10
nlogn, sults594, 6180, 13
logn, sults594, 5927, 8
nlogn, sults594, 6180, 11
logn, sults594, 5927, 7
nlogn, sults594, 6180, 7
logn, sults594, 5927, 8
nlogn, sults594, 6180, 13
logn, sults594, 5927, 9
nlogn, sults594, 6180, 9
logn, sults594, 5927, 7
nlogn, sults594, 6180, 7
logn, sults594, 5927, 9
nlogn, sults594, 6180, 7
logn, sults594, 5927, 9
nlogn, sults594, 6180, 12
logn, sults594, 5927, 8
nlogn, sults594, 6180, 8
logn, sults594, 5927, 8
nlogn, sults594, 6180, 9
logn, sults594, 5927, 10
nlogn, sults594, 6180, 12
logn, sults594, 5927, 8
nlogn, sults594, 6180, 7
logn, sults594, 5927, 7
nlogn, sults594, 6180, 13
logn, sults594, 5927, 9
nlogn, sults594, 6180, 11
logn, sults594, 5927, 7
nlogn, sults594, 6180, 10
logn, sults594, 5927, 9
nlogn, sults594, 6180, 9
logn, sults594, 5927, 8
nlogn, sults594, 6180, 16
logn, sults594, 5927, 8
nlogn, sults594, 6180, 11
logn, sults594, 5927, 10
nlogn, sults594, 6180, 10
logn, sults594, 5927, 9
nlogn, sults594, 6180, 14
logn, sults594, 5927, 5
nlogn, sults594, 6180, 6
logn, sults594, 5927, 9
nlogn, sults594, 6180, 12
logn, sults594, 5927, 8
nlogn, sults594, 6180, 13
logn, sults594, 5927, 7
nlogn, sults594, 6180, 12
logn, sults594, 5927, 9
nlogn, sults594, 6180, 11
logn, sults594, 5927, 8
nlogn, sults594, 6180, 11
logn, sults594, 5927, 9
nlogn, sults594, 6180, 9
logn, sults594, 5927, 10
nlogn, sults594, 6180, 10
logn, sults594, 5927, 10
nlogn, sults594, 6180, 9
logn, sults594, 5927, 8
nlogn, sults594, 6180, 12
logn, sults594, 5927, 10
nlogn, sults594, 6180, 11
logn, sults594, 5927, 8
nlogn, sults594, 6180, 8
logn, sults594, 5927, 8
nlogn, sults594, 6180, 10
logn, sults594, 5927, 6
nlogn, sults594, 6180, 19
logn, sults594, 5927, 9
nlogn, sults594, 6180, 10
logn, sults594, 5927, 9
nlogn, sults594, 6180, 11
logn, sults594, 5927, 8
nlogn, sults594, 6180, 7
logn, sults594, 5927, 8
nlogn, sults594, 6180, 10
logn, sults594, 5927, 10
nlogn, sults594, 6180, 16
logn, sults594, 5927, 10
nlogn, sults594, 6180, 12
logn, sults594, 5927, 9
nlogn, sults594, 6180, 9
logn, sults594, 5927, 9
nlogn, sults594, 6180, 12
logn, sults594, 5927, 10
nlogn, sults594, 6180, 14
logn, sults594, 5927, 9
nlogn, sults594, 6180, 9
logn, sults594, 5927, 8
nlogn, sults594, 6180, 7
logn, sults594, 5927, 7
nlogn, sults594, 6180, 13
logn, sults594, 5927, 10
nlogn, sults594, 6180, 10
logn, sults594, 5927, 10
nlogn, sults594, 6180, 15
logn, sults594, 5927, 9
nlogn, sults594, 6180, 12
logn, sults594, 5927, 11
nlogn, sults594, 6180, 10
logn, sults594, 5927, 10
nlogn, sults594, 6180, 11
logn, sults594, 5927, 8
nlogn, sults594, 6180, 9
logn, sults594, 5927, 9
nlogn, sults594, 6180, 14
logn, sults594, 5927, 9
nlogn, sults594, 6180, 13
logn, sults594, 5927, 7
nlogn, sults594, 6180, 14
logn, sults594, 5927, 10
nlogn, sults594, 6180, 13
logn, sults594, 5927, 9
nlogn, sults594, 6180, 8
logn, sults594, 5927, 9
nlogn, sults594, 6180, 11
logn, sults594, 5927, 9
nlogn, sults594, 6180, 9
logn, sults594, 5927, 10
nlogn, sults594, 6180, 13
logn, sults594, 5927, 7
nlogn, sults594, 6180, 6
logn, sults594, 5927, 7
nlogn, sults594, 6180, 15
logn, sults594, 5927, 10
nlogn, sults594, 6180, 11
logn, sults594, 5927, 9
nlogn, sults594, 6180, 11
logn, sults594, 5927, 10
nlogn, sults594, 6180, 14
logn, sults594, 5927, 10
nlogn, sults594, 6180, 9
logn, sults594, 5927, 10
nlogn, sults594, 6180, 15
logn, sults594, 5927, 8
nlogn, sults594, 6180, 10
logn, sults594, 5927, 10
nlogn, sults594, 6180, 15
logn, sults594, 5927, 10
nlogn, sults594, 6180, 11
logn, sults594, 5927, 9
nlogn, sults594, 6180, 14
logn, sults594, 5927, 9
nlogn, sults594, 6180, 9
logn, sults594, 5927, 9
nlogn, sults594, 6180, 13
logn, sults594, 5927, 9
nlogn, sults594, 6180, 10
logn, sults594, 5927, 9
nlogn, sults594, 6180, 14
logn, sults594, 5927, 8
nlogn, sults594, 6180, 11
logn, sults594, 5927, 9
nlogn, sults594, 6180, 8
logn, sults594, 5927, 9
nlogn, sults594, 6180, 14
logn, sults594, 5927, 7
nlogn, sults594, 6180, 7
logn, sults594, 5927, 10
nlogn, sults594, 6180, 12
logn, sults594, 5927, 9
nlogn, sults594, 6180, 8
logn, sults594, 5927, 10
nlogn, sults594, 6180, 13
logn, sults594, 5927, 8
nlogn, sults594, 6180, 5
logn, sults594, 5927, 10
nlogn, sults594, 6180, 10
logn, sults594, 5927, 10
nlogn, sults594, 6180, 11
logn, sults594, 5927, 8
nlogn, sults594, 6180, 9
logn, sults594, 5927, 8
nlogn, sults594, 6180, 10
logn, sults594, 5927, 9
nlogn, sults594, 6180, 14
logn, sults594, 5927, 9
nlogn, sults594, 6180, 14
logn, sults594, 5927, 9
nlogn, sults594, 6180, 10
logn, sults594, 5927, 8
nlogn, sults594, 6180, 10
logn, sults594, 5927, 10
nlogn, sults594, 6180, 11
logn, sults594, 5927, 9
nlogn, sults594, 6180, 12
logn, sults594, 5927, 10
nlogn, sults594, 6180, 12
logn, sults594, 5927, 10
nlogn, sults594, 6180, 10
logn, sults594, 5927, 8
nlogn, sults594, 6180, 14
logn, sults594, 5927, 6
nlogn, sults594, 6180, 6
logn, sults594, 5927, 8
nlogn, sults594, 6180, 7
logn, sults594, 5927, 9
nlogn, sults594, 6180, 13
logn, sults594, 5927, 10
nlogn, sults594, 6180, 12
logn, sults594, 5927, 10
nlogn, sults594, 6180, 10
logn, sults594, 5927, 9
nlogn, sults594, 6180, 12
logn, sults594, 5927, 10
nlogn, sults594, 6180, 12
logn, sults594, 5927, 10
nlogn, sults594, 6180, 13
logn, sults594, 5927, 10
nlogn, sults594, 6180, 13
logn, sults594, 5927, 8
nlogn, sults594, 6180, 17
logn, sults594, 5927, 8
nlogn, sults594, 6180, 9
logn, sults594, 5927, 7
nlogn, sults594, 6180, 10
logn, sults594, 5927, 8
nlogn, sults594, 6180, 13
logn, sults594, 5927, 10
nlogn, sults594, 6180, 12
logn, sults594, 5927, 10
nlogn, sults594, 6180, 14
logn, sults594, 5927, 10
nlogn, sults594, 6180, 13
logn, sults594, 5927, 9
nlogn, sults594, 6180, 13
logn, sults594, 5927, 9
nlogn, sults594, 6180, 9
logn, sults594, 5927, 7
nlogn, sults594, 6180, 18
logn, sults594, 5927, 10
nlogn, sults594, 6180, 10
logn, sults594, 5927, 8
nlogn, sults594, 6180, 13
logn, sults594, 5927, 8
nlogn, sults594, 6180, 12
logn, sults594, 5927, 9
nlogn, sults594, 6180, 10
logn, sults594, 5927, 9
nlogn, sults594, 6180, 10
logn, sults594, 5927, 7
nlogn, sults594, 6180, 11
logn, sults594, 5927, 9
nlogn, sults594, 6180, 11
logn, sults594, 5927, 10
nlogn, sults594, 6180, 10
logn, sults594, 5927, 9
nlogn, sults594, 6180, 7
logn, sults594, 5927, 8
nlogn, sults594, 6180, 13
logn, sults594, 5927, 10
nlogn, sults594, 6180, 16
logn, sults594, 5927, 8
nlogn, sults594, 6180, 5
logn, sults594, 5927, 8
nlogn, sults594, 6180, 11
logn, sults594, 5927, 8
nlogn, sults594, 6180, 11
logn, sults594, 5927, 10
nlogn, sults594, 6180, 12
logn, sults594, 5927, 7
nlogn, sults594, 6180, 11
logn, sults594, 5927, 9
nlogn, sults594, 6180, 11
logn, sults594, 5927, 10
nlogn, sults594, 6180, 13
logn, sults594, 5927, 9
nlogn, sults594, 6180, 14
logn, sults594, 5927, 8
nlogn, sults594, 6180, 12
logn, sults594, 5927, 11
nlogn, sults594, 6180, 14
logn, sults594, 5927, 7
nlogn, sults594, 6180, 11
logn, sults594, 5927, 9
nlogn, sults594, 6180, 12
logn, sults594, 5927, 9
nlogn, sults594, 6180, 12
logn, sults594, 5927, 9
nlogn, sults594, 6180, 11
logn, sults594, 5927, 10
nlogn, sults594, 6180, 14
logn, sults594, 5927, 9
nlogn, sults594, 6180, 11
logn, sults594, 5927, 9
nlogn, sults594, 6180, 8
logn, sults594, 5927, 8
nlogn, sults594, 6180, 12
logn, sults594, 5927, 9
nlogn, sults594, 6180, 14
logn, sults594, 5927, 9
nlogn, sults594, 6180, 13
logn, sults594, 5927, 10
nlogn, sults594, 6180, 12
logn, sults594, 5927, 7
nlogn, sults594, 6180, 14
logn, sults594, 5927, 10
nlogn, sults594, 6180, 14
logn, sults594, 5927, 9
nlogn, sults594, 6180, 11
logn, sults594, 5927, 11
nlogn, sults594, 6180, 11
logn, sults594, 5927, 10
nlogn, sults594, 6180, 10
logn, sults594, 5927, 10
nlogn, sults594, 6180, 16
logn, sults594, 5927, 8
nlogn, sults594, 6180, 5
logn, sults594, 5927, 8
nlogn, sults594, 6180, 17
logn, sults594, 5927, 9
nlogn, sults594, 6180, 11
logn, sults594, 5927, 9
nlogn, sults594, 6180, 13
logn, sults594, 5927, 9
nlogn, sults594, 6180, 8
logn, sults594, 5927, 9
nlogn, sults594, 6180, 11
logn, sults594, 5927, 11
nlogn, sults594, 6180, 13
logn, sults594, 5927, 9
nlogn, sults594, 6180, 13
logn, sults594, 5927, 8
nlogn, sults594, 6180, 15
logn, sults594, 5927, 10
nlogn, sults594, 6180, 12
logn, sults594, 5927, 9
nlogn, sults594, 6180, 6
logn, sults594, 5927, 10
nlogn, sults594, 6180, 9
logn, sults594, 5927, 11
nlogn, sults594, 6180, 10
logn, sults594, 5927, 7
nlogn, sults594, 6180, 12
logn, sults594, 5927, 10
nlogn, sults594, 6180, 7
logn, sults594, 5927, 8
nlogn, sults594, 6180, 13
logn, sults594, 5927, 10
nlogn, sults594, 6180, 14
logn, sults594, 5927, 9
nlogn, sults594, 6180, 17
logn, sults594, 5927, 10
nlogn, sults594, 6180, 9
logn, sults594, 5927, 10
nlogn, sults594, 6180, 12
logn, sults594, 5927, 10
nlogn, sults594, 6180, 10
logn, sults594, 5927, 10
nlogn, sults594, 6180, 12
logn, sults594, 5927, 9
nlogn, sults594, 6180, 12
logn, sults594, 5927, 9
nlogn, sults594, 6180, 12
logn, sults594, 5927, 9
nlogn, sults594, 6180, 14
logn, sults594, 5927, 10
nlogn, sults594, 6180, 12
logn, sults594, 5927, 10
nlogn, sults594, 6180, 9
logn, sults594, 5927, 10
nlogn, sults594, 6180, 10
logn, sults594, 5927, 10
nlogn, sults594, 6180, 12
logn, sults594, 5927, 11
nlogn, sults594, 6180, 15
logn, sults594, 5927, 10
nlogn, sults594, 6180, 12
logn, sults594, 5927, 9
nlogn, sults594, 6180, 8
logn, sults594, 5927, 11
nlogn, sults594, 6180, 13
logn, sults594, 5927, 9
nlogn, sults594, 6180, 11
logn, sults594, 5927, 7
nlogn, sults594, 6180, 10
logn, sults594, 5927, 10
nlogn, sults594, 6180, 12
logn, sults594, 5927, 9
nlogn, sults594, 6180, 12
logn, sults594, 5927, 8
nlogn, sults594, 6180, 20
logn, sults594, 5927, 10
nlogn, sults594, 6180, 12
logn, sults594, 5927, 9
nlogn, sults594, 6180, 13
logn, sults594, 5927, 9
nlogn, sults594, 6180, 13
logn, sults594, 5927, 10
nlogn, sults594, 6180, 11
logn, sults594, 5927, 10
nlogn, sults594, 6180, 17
logn, sults594, 5927, 9
nlogn, sults594, 6180, 10
logn, sults594, 5927, 8
nlogn, sults594, 6180, 14
logn, sults594, 5927, 9
nlogn, sults594, 6180, 21
logn, sults594, 5927, 9
nlogn, sults594, 6180, 15
logn, sults594, 5927, 10
nlogn, sults594, 6180, 8
logn, sults594, 5927, 8
nlogn, sults594, 6180, 13
logn, sults594, 5927, 9
nlogn, sults594, 6180, 19
logn, sults594, 5927, 9
nlogn, sults594, 6180, 12
logn, sults594, 5927, 10
nlogn, sults594, 6180, 10
logn, sults594, 5927, 11
nlogn, sults594, 6180, 15
logn, sults594, 5927, 8
nlogn, sults594, 6180, 11
logn, sults594, 5927, 9
nlogn, sults594, 6180, 18
logn, sults594, 5927, 9
nlogn, sults594, 6180, 15
logn, sults594, 5927, 10
nlogn, sults594, 6180, 12
logn, sults594, 5927, 8
nlogn, sults594, 6180, 11
logn, sults594, 5927, 9
nlogn, sults594, 6180, 12
logn, sults594, 5927, 10
nlogn, sults594, 6180, 12
logn, sults594, 5927, 8
nlogn, sults594, 6180, 11
logn, sults594, 5927, 10
nlogn, sults594, 6180, 19
logn, sults594, 5927, 11
nlogn, sults594, 6180, 9
logn, sults594, 5927, 9
nlogn, sults594, 6180, 18
logn, sults594, 5927, 9
nlogn, sults594, 6180, 10
logn, sults594, 5927, 9
nlogn, sults594, 6180, 8
logn, sults594, 5927, 8
nlogn, sults594, 6180, 8
logn, sults594, 5927, 9
nlogn, sults594, 6180, 9
logn, sults594, 5927, 9
nlogn, sults594, 6180, 12
logn, sults594, 5927, 9
nlogn, sults594, 6180, 12
logn, sults594, 5927, 10
nlogn, sults594, 6180, 12
logn, sults594, 5927, 11
nlogn, sults594, 6180, 10
logn, sults594, 5927, 9
nlogn, sults594, 6180, 13
logn, sults594, 5927, 8
nlogn, sults594, 6180, 11
logn, sults594, 5927, 10
nlogn, sults594, 6180, 22
logn, sults594, 5927, 10
nlogn, sults594, 6180, 8
logn, sults594, 5927, 10
nlogn, sults594, 6180, 14
logn, sults594, 5927, 8
nlogn, sults594, 6180, 14
logn, sults594, 5927, 7
nlogn, sults594, 6180, 8
logn, sults594, 5927, 11
nlogn, sults594, 6180, 12
logn, sults594, 5927, 10
nlogn, sults594, 6180, 9
logn, sults594, 5927, 8
nlogn, sults594, 6180, 7
logn, sults594, 5927, 8
nlogn, sults594, 6180, 7
logn, sults594, 5927, 9
nlogn, sults594, 6180, 10
logn, sults594, 5927, 11
nlogn, sults594, 6180, 12
logn, sults594, 5927, 10
nlogn, sults594, 6180, 13
logn, sults594, 5927, 9
nlogn, sults594, 6180, 8
logn, sults594, 5927, 9
nlogn, sults594, 6180, 10
logn, sults594, 5927, 6
nlogn, sults594, 6180, 6
logn, sults594, 5927, 8
nlogn, sults594, 6180, 13
logn, sults594, 5927, 11
nlogn, sults594, 6180, 12
logn, sults594, 5927, 10
nlogn, sults594, 6180, 13
logn, sults594, 5927, 9
nlogn, sults594, 6180, 8
logn, sults594, 5927, 11
nlogn, sults594, 6180, 10
logn, sults594, 5927, 9
nlogn, sults594, 6180, 11
logn, sults594, 5927, 10
nlogn, sults594, 6180, 13
logn, sults594, 5927, 10
nlogn, sults594, 6180, 14
logn, sults594, 5927, 10
nlogn, sults594, 6180, 8
logn, sults594, 5927, 11
nlogn, sults594, 6180, 11
logn, sults594, 5927, 10
nlogn, sults594, 6180, 11
logn, sults594, 5927, 10
nlogn, sults594, 6180, 12
logn, sults594, 5927, 11
nlogn, sults594, 6180, 12
logn, sults594, 5927, 10
nlogn, sults594, 6180, 12
logn, sults594, 5927, 8
nlogn, sults594, 6180, 10
logn, sults594, 5927, 9
nlogn, sults594, 6180, 14
logn, sults594, 5927, 8
nlogn, sults594, 6180, 16
logn, sults594, 5927, 9
nlogn, sults594, 6180, 8
logn, sults594, 5927, 10
nlogn, sults594, 6180, 13
logn, sults594, 5927, 10
nlogn, sults594, 6180, 12
logn, sults594, 5927, 9
nlogn, sults594, 6180, 13
logn, sults594, 5927, 10
nlogn, sults594, 6180, 14
logn, sults594, 5927, 10
nlogn, sults594, 6180, 18
logn, sults594, 5927, 10
nlogn, sults594, 6180, 9
logn, sults594, 5927, 10
nlogn, sults594, 6180, 15
logn, sults594, 5927, 10
nlogn, sults594, 6180, 14
logn, sults594, 5927, 9
nlogn, sults594, 6180, 13
logn, sults594, 5927, 10
nlogn, sults594, 6180, 8
logn, sults594, 5927, 10
nlogn, sults594, 6180, 9
logn, sults594, 5927, 9
nlogn, sults594, 6180, 13
logn, sults594, 5927, 9
nlogn, sults594, 6180, 7
logn, sults594, 5927, 9
nlogn, sults594, 6180, 12

